date,posts,week,,week,posts_week
2025-04-23,1,2025-04-21,,2025-04-21,1
2025-04-30,1,2025-04-28,,2025-04-28,2
2025-05-04,1,2025-04-28,,2025-05-26,1
2025-05-27,1,2025-05-26,,2025-06-09,1
2025-06-11,1,2025-06-09,,2025-06-23,3
2025-06-24,1,2025-06-23,,2025-06-30,5
2025-06-26,1,2025-06-23,,2025-07-07,3
2025-06-27,1,2025-06-23,,2025-07-14,2
2025-06-30,1,2025-06-30,,2025-07-21,4
2025-07-02,1,2025-06-30,,2025-07-28,3
2025-07-03,1,2025-06-30,,2025-08-04,4
2025-07-05,1,2025-06-30,,2025-08-11,2
2025-07-06,1,2025-06-30,,2025-08-18,2
2025-07-08,1,2025-07-07,,2025-08-25,2
2025-07-09,1,2025-07-07,,2025-09-01,1
2025-07-12,1,2025-07-07,,2025-09-08,2
2025-07-16,1,2025-07-14,,2025-09-15,2
2025-07-18,1,2025-07-14,,2025-09-29,1
2025-07-21,1,2025-07-21,,2025-10-13,1
2025-07-23,1,2025-07-21,,2025-11-03,1
2025-07-25,1,2025-07-21,,2025-12-22,1
2025-07-27,1,2025-07-21,,2026-01-19,3
2025-07-29,1,2025-07-28,,2026-01-26,2
2025-07-31,1,2025-07-28,,2026-02-02,2
2025-08-02,1,2025-07-28,,2026-02-09,1
2025-08-04,1,2025-08-04,,2026-02-16,2
2025-08-06,1,2025-08-04,,2026-02-23,1
2025-08-08,1,2025-08-04,,2026-03-30,2
2025-08-10,1,2025-08-04,,2026-04-06,1
2025-08-12,1,2025-08-11,,2026-04-13,1
2025-08-15,1,2025-08-11,,,
2025-08-19,1,2025-08-18,,,
2025-08-24,1,2025-08-18,,,
2025-08-27,1,2025-08-25,,,
2025-08-29,1,2025-08-25,,,
2025-09-02,1,2025-09-01,,,
2025-09-08,1,2025-09-08,,,
2025-09-11,1,2025-09-08,,,
2025-09-15,1,2025-09-15,,,
2025-09-20,1,2025-09-15,,,
2025-09-29,1,2025-09-29,,,
2025-10-15,1,2025-10-13,,,
2025-11-05,1,2025-11-03,,,
2025-12-26,1,2025-12-22,,,
2026-01-19,1,2026-01-19,,,
2026-01-21,1,2026-01-19,,,
2026-01-24,1,2026-01-19,,,
2026-01-27,1,2026-01-26,,,
2026-01-30,1,2026-01-26,,,
2026-02-02,1,2026-02-02,,,
2026-02-06,1,2026-02-02,,,
2026-02-12,1,2026-02-09,,,
2026-02-16,1,2026-02-16,,,
2026-02-21,1,2026-02-16,,,
2026-02-24,1,2026-02-23,,,
2026-04-03,1,2026-03-30,,,
2026-04-05,1,2026-03-30,,,
2026-04-10,1,2026-04-06,,,
2026-04-13,1,2026-04-13,,,
